"location","source","target","id","fuzzy","context","translator_comments","developer_comments"
"Content/Story/Missions/DIA_ORG_818_Ratford.d:27","A kim ty niby jesteś, na Beliara?","Por Beliar, ¿quién eres tú?","","","Ratford-CH0-None-Ratford-64245-1","",""
"Content/Story/Missions/DIA_ORG_818_Ratford.d:30","Jestem Nyr...","Me llamo Nyr...","","","Ratford-CH0-None-Hero-87298","",""
"Content/Story/Missions/DIA_ORG_818_Ratford.d:31","Nie o imię pytam. Nie wyglądasz mi na członka któregoś obozu. To co, jesteś kopaczem? A może dopiero co cię wrzucili?","Tu nombre no. No tienes pinta de ser de los otros campamentos... ¿Eres cavador? ¿O acabas de entrar? ","","","Ratford-CH0-None-Ratford-66784","",""
"Content/Story/Missions/DIA_ORG_818_Ratford.d:35","Tak, jestem nowy. Drax, przysłał mnie do ciebie, mam pomóc w zamian za nocleg w waszym obozie.","Soy nuevo, sí. Tu amigo Drax me envía a ayudarte a cambio de un sitio donde dormir en vuestro campamento.","","False","DIA_ORG_818_Ratford_Hello_Info.DIA_ORG_818_Ratford_Hello.DIA_ORG_818_Ratford_Hello_About_Help","AI_AddChoice",""
"Content/Story/Missions/DIA_ORG_818_Ratford.d:40","Dopiero mnie tu wrzucili. Szukam bezpiecznego miejsca na nocleg.","Acabo de entrar. Busco un sitio seguro donde dormir.","","False","DIA_ORG_818_Ratford_Hello_Info.DIA_ORG_818_Ratford_Hello.DIA_ORG_818_Ratford_Hello_About_Sleep_Place","AI_AddChoice",""
"Content/Story/Missions/DIA_ORG_818_Ratford.d:48","Tak, jestem nowy. Drax, przysłał mnie do ciebie, mam pomóc w zamian za nocleg w waszym obozie.","Soy nuevo, sí. Tu amigo Drax me envía a ayudarte a cambio de un sitio donde dormir en vuestro campamento.","","","Ratford-CH0-None-Hero-42595","",""
"Content/Story/Missions/DIA_ORG_818_Ratford.d:49","Czyżby? Nie potrzebuję pomocy, zwłaszcza od takiej pizdy jak ty, a już na pewno nie pozwolę obcemu spać przy naszym ognisku. Zabieraj się stąd. W podskokach.","¿No me digas? Pues no necesito ayuda, y menos de un alfeñique como tú, y desde luego no voy a dejar que un desconocido duerma junto a nuestra hoguera. Y ahora pírate.","","","Ratford-CH0-None-Ratford-50882","",""
"Content/Story/Missions/DIA_ORG_818_Ratford.d:51","Jak chcesz.","Vale.","","False","DIA_ORG_818_Ratford_Hello_About_Help.DIA_ORG_818_Ratford_Hello.DIA_ORG_818_Ratford_Hello_If_You_Think_So","AI_AddChoice",""
"Content/Story/Missions/DIA_ORG_818_Ratford.d:52","Zamknij już kurwa ten ryj.","Cuidado con lo que dices.","","False","DIA_ORG_818_Ratford_Hello_About_Help.DIA_ORG_818_Ratford_Hello.DIA_ORG_818_Ratford_Hello_Fuck_You","AI_AddChoice",""
"Content/Story/Missions/DIA_ORG_818_Ratford.d:53","Mogę cię jakoś przekonać?","¿Qué puedo hacer para convencerte?","","False","DIA_ORG_818_Ratford_Hello_About_Help.DIA_ORG_818_Ratford_Hello.DIA_ORG_818_Ratford_Hello_Can_I_Convince_You_Somehow","AI_AddChoice",""
"Content/Story/Missions/DIA_ORG_818_Ratford.d:54","Ale przecież się z nim dogadałem.","Pero tu amigo y yo hicimos un trato.","","False","DIA_ORG_818_Ratford_Hello_About_Help.DIA_ORG_818_Ratford_Hello.DIA_ORG_818_Ratford_Hello_But_I_Talked_To_Drax","AI_AddChoice",""
"Content/Story/Missions/DIA_ORG_818_Ratford.d:62","Ale przecież się z nim dogadałem.","Pero tu amigo y yo hicimos un trato.","","","Ratford-CH0-None-Hero-30527","",""
"Content/Story/Missions/DIA_ORG_818_Ratford.d:63","Taa, ale ze mną nie. Drax to łatwowierny idiota, który poczęstowałby orków piwem, bo pewnie im gorąco od tego słońca.","Sí, él y tú, pero yo no. Drax es un pobre crédulo que le ofrecería una cerveza a un orco por el buen día que hace. ","","","Ratford-CH0-None-Ratford-72328","",""
"Content/Story/Missions/DIA_ORG_818_Ratford.d:64","Przykro mi, ale nic z tego.","Lo siento, pero no hay nada que hacer.","","","Ratford-CH0-None-Ratford-4113-0","",""
"Content/Story/Missions/DIA_ORG_818_Ratford.d:75","Mogę cię jakoś przekonać?","¿Qué puedo hacer para convencerte?","","","Ratford-CH0-None-Hero-34959","",""
"Content/Story/Missions/DIA_ORG_818_Ratford.d:76","Słuchaj, nie chcę wychodzić na dupka. Naprawdę. Ale cię nie znam, a okazywanie zaufania ludziom, których się nie zna, to prosty sposób na szybki zgon.","Mira, no quiero ser un capullo, en serio. Pero no te conozco, y aquí fiarse de gente que no conoces es la mejor manera de que te maten. ","","","Ratford-CH0-None-Ratford-35655","",""
"Content/Story/Missions/DIA_ORG_818_Ratford.d:87","Zamknij już kurwa ten ryj.","Cuidado con lo que dices.","","","Ratford-CH0-None-Hero-26237","",""
"Content/Story/Missions/DIA_ORG_818_Ratford.d:88","No i sobie nagrabiłeś.","Grave error.","","","Ratford-CH0-None-Ratford-60669","",""
"Content/Story/Missions/DIA_ORG_818_Ratford.d:101","Jak chcesz.","Vale.","","","Ratford-CH0-None-Hero-69849","",""
"Content/Story/Missions/DIA_ORG_818_Ratford.d:101","Przykro mi, chłopie. Znajdziesz sobie coś innego.","Lo siento, colega. Ya encontrarás algo.","","","Ratford-CH0-None-Ratford-45016","",""
"Content/Story/Missions/DIA_ORG_818_Ratford.d:102","Powodzenia życzę.","Que tengas suerte por ahí.","","","Ratford-CH0-None-Ratford-99079-1","",""
"Content/Story/Missions/DIA_ORG_818_Ratford.d:112","Dopiero mnie tu wrzucili. Szukam bezpiecznego miejsca na nocleg.","Acabo de entrar. Busco un sitio seguro donde dormir.","","","Ratford-CH0-None-Hero-81996","",""
"Content/Story/Missions/DIA_ORG_818_Ratford.d:113","To idź do Starego Obozu.","Pues ve al Campamento Viejo. ","","","Ratford-CH0-None-Ratford-13684","",""
"Content/Story/Missions/DIA_ORG_818_Ratford.d:114","Tamten Varantczyk powiedział, że muszę poczekać, aż Kopacze oczyszczą szlak.","Ese varantiano dijo que debería esperar a que los cavadores despejen el desprendimiento.","","","Ratford-CH0-None-Hero-15424","",""
"Content/Story/Missions/DIA_ORG_818_Ratford.d:115","No to zaczekaj. Słuchaj, nic ode mnie nie dostaniesz, więc nie zawracaj mi dupy.","Pues espera. Mira, novato, no tengo nada para ti, ¿vale? Vete al carajo. ","","","Ratford-CH0-None-Ratford-99940","",""
"Content/Story/Missions/DIA_ORG_818_Ratford.d:145","Co?!","¿Qué?","","","Ratford-CH0-None-Ratford-14986","",""
"Content/Story/Missions/DIA_ORG_818_Ratford.d:145","Pójdę już.","Me marcho.","","False","DIA_ORG_818_Ratford_Hello_Again_Info.DIA_ORG_818_Ratford_Hello_Again.DIA_ORG_818_Ratford_Hello_Again_I_Will_Go_Now","AI_AddChoice",""
"Content/Story/Missions/DIA_ORG_818_Ratford.d:146","Ty też jesteś z tego Nowego Obozu?","¿Tú también eres de ese ""Campamento Nuevo""?","","False","DIA_ORG_818_Ratford_Hello_Again_Info.DIA_ORG_818_Ratford_Hello_Again.DIA_ORG_818_Ratford_Hello_Again_Are_You_From_New_Camp","AI_AddChoice",""
"Content/Story/Missions/DIA_ORG_818_Ratford.d:147","Co cię ugryzło?","¿Qué problema tienes?","","False","DIA_ORG_818_Ratford_Hello_Again_Info.DIA_ORG_818_Ratford_Hello_Again.DIA_ORG_818_Ratford_Hello_Again_What_Do_You_Mean","AI_AddChoice",""
"Content/Story/Missions/DIA_ORG_818_Ratford.d:154","Co cię ugryzło?","¿Qué problema tienes?","","","Ratford-CH0-None-Hero-74210","",""
"Content/Story/Missions/DIA_ORG_818_Ratford.d:154","Parę wkurwiających robali. Na przykład taki jeden kretyn, który nie wie, kiedy odpuścić.","Tengo bastantes, la verdad. Uno de ellos es el idiota que tengo delante, que no sabe cuándo callarse la boca.","","","Ratford-CH0-None-Ratford-1706","",""
"Content/Story/Missions/DIA_ORG_818_Ratford.d:161","Ty też jesteś z tego Nowego Obozu?","¿Tú también eres de ese ""Campamento Nuevo""?","","","Ratford-CH0-None-Hero-28264","",""
"Content/Story/Missions/DIA_ORG_818_Ratford.d:165","Jakim cudem zgadłeś?","¿Cómo lo has adivinado?","","","Ratford-CH0-None-Ratford-73615","",""
"Content/Story/Missions/DIA_ORG_818_Ratford.d:170","Pójdę już.","Me marcho.","","","Ratford-CH0-None-Hero-91268","",""
"Content/Story/Missions/DIA_ORG_818_Ratford.d:175","Mmm.","Hum.","","","Ratford-CH0-None-Ratford-40335","",""
"Content/Story/Missions/DIA_ORG_818_Ratford.d:179","Tak po prostu?","¿Así de sencillo?","","False","Ratford_CH0_G1RDemo_DraxHunt_Caption_9934_0","",""
"Content/Story/Missions/DIA_ORG_818_Ratford.d:180","Świetnie. Dziękuję.","Vale. Gracias.","","False","Ratford_CH0_G1RDemo_DraxHunt_Caption_25858_0","",""
"Content/Story/Missions/DIA_ORG_818_Ratford.d:201","No tak. Nie żyje. Kurwa. To pewnie robota cieniostwora.","Está muerto... Joder. Habrá sido esa bestia de sombra.","","","TEXT_HECTO_20230817_110702_41","",""
"Content/Story/Missions/DIA_ORG_818_Ratford.d:202","Znałeś go?","¿Lo conocías?","","","Ratford-CH0-G1RDemo_DraxHunt-Hero-46542","",""
"Content/Story/Missions/DIA_ORG_818_Ratford.d:202","Był z naszego gangu, więc tak. Właśnie dlatego jesteśmy tutaj z kumplem.","Sí, era de nuestra banda. Mi colega y yo estamos aquí por él.","","","Ratford-CH0-G1RDemo_DraxHunt-Ratford-56356","",""
"Content/Story/Missions/DIA_ORG_818_Ratford.d:203","Głupek uzależnił się od tego zielska, które sprzedają kultyści i zaczęło mu odwalać.","El muy idiota se enganchó a esos rollos de hierbas que venden los sectarios y empezó a perder la cabeza.","","","Ratford-CH0-G1RDemo_DraxHunt-Ratford-72197","",""
"Content/Story/Missions/DIA_ORG_818_Ratford.d:204","Jak go widziałem po raz ostatni, to bredził coś o tym, jak to ich bóg gadał do niego we śnie. Kołowaty, jak nic.","La última vez que lo vi, no dejó de hablar de que su dios le hablaba en sueños y demás chifladuras de ese tipo.","","","Ratford-CH0-G1RDemo_DraxHunt-Ratford-41347","",""
"Content/Story/Missions/DIA_ORG_818_Ratford.d:205","A potem, tydzień temu, po prostu wyszedł z obozu w samym środku nocy i już nie wrócił.","Después, hace una semana, salió de nuestro campamento en plena noche y no volvió.","","","Ratford-CH0-G1RDemo_DraxHunt-Ratford-76574","",""
"Content/Story/Missions/DIA_ORG_818_Ratford.d:214","Słuchaj, znalazłem to przy nieboszczyku.","Mira, esto lo llevaba vuestro hombre.","","False","DIA_ORG_818_Ratford_Who_Are_You_Common_No_Offence.DIA_ORG_818_Ratford_Who_Are_You.DIA_ORG_818_Ratford_Who_Are_You_About_Mysterious_Note","AI_AddChoice",""
"Content/Story/Missions/DIA_ORG_818_Ratford.d:219","Co teraz?","¿Cómo?","","False","DIA_ORG_818_Ratford_Who_Are_You_Common_No_Offence.DIA_ORG_818_Ratford_Who_Are_You.DIA_ORG_818_Ratford_Who_Are_You_What_Now","AI_AddChoice",""
"Content/Story/Missions/DIA_ORG_818_Ratford.d:220","Ten bóg... istnieje naprawdę?","Ese dios... ¿es real?","","False","DIA_ORG_818_Ratford_Who_Are_You_Common_No_Offence.DIA_ORG_818_Ratford_Who_Are_You.DIA_ORG_818_Ratford_Who_Are_You_About_God","AI_AddChoice",""
"Content/Story/Missions/DIA_ORG_818_Ratford.d:221","Co to za sekta?","¿Qué secta es esa?","","False","DIA_ORG_818_Ratford_Who_Are_You_Common_No_Offence.DIA_ORG_818_Ratford_Who_Are_You.DIA_ORG_818_Ratford_Who_Are_You_About_Sect_Camp","AI_AddChoice",""
"Content/Story/Missions/DIA_ORG_818_Ratford.d:222","Mówisz o bagiennym zielu?","¿Te refieres a la hierba de pantano?","","False","DIA_ORG_818_Ratford_Who_Are_You_Common_No_Offence.DIA_ORG_818_Ratford_Who_Are_You.DIA_ORG_818_Ratford_Who_Are_You_About_Swamp_Herb","AI_AddChoice",""
"Content/Story/Missions/DIA_ORG_818_Ratford.d:224","Bóg mówił do niego we śnie?","¿Un dios le hablaba en sueños?","","False","DIA_ORG_818_Ratford_Who_Are_You_Common_No_Offence.DIA_ORG_818_Ratford_Who_Are_You.DIA_ORG_818_Ratford_Who_Are_You_About_Sleep","AI_AddChoice",""
"Content/Story/Missions/DIA_ORG_818_Ratford.d:236","Kim jesteś?","¿Quién eres?","","","Ratford-CH0-None-Ratford-40635","",""
"Content/Story/Missions/DIA_ORG_818_Ratford.d:237","Nie celuj tym we mnie.","No me apuntes con eso.","","False","DIA_ORG_818_Ratford_Who_Are_You_Info.DIA_ORG_818_Ratford_Who_Are_You.DIA_ORG_818_Ratford_Who_Are_You_Put_Away_Your_Weapon","AI_AddChoice",""
"Content/Story/Missions/DIA_ORG_818_Ratford.d:243","Tak go znalazłem.","Me lo encontré así.","","False","DIA_ORG_818_Ratford_Who_Are_You_Info.DIA_ORG_818_Ratford_Who_Are_You.DIA_ORG_818_Ratford_Who_Are_You_This_Is_How_I_Found_Jorik","AI_AddChoice",""
"Content/Story/Missions/DIA_ORG_818_Ratford.d:245","Znowu ty.","Otra vez tú.","","","Ratford-CH0-None-Ratford-29260","",""
"Content/Story/Missions/DIA_ORG_818_Ratford.d:247","Chyba znalazłem twojego kumpla.","Creo que he encontrado a vuestro hombre. ","","","Ratford-CH0-None-Hero-22878","",""
"Content/Story/Missions/DIA_ORG_818_Ratford.d:247","Właśnie widzę.","Ya lo veo. ","","","Ratford-CH0-None-Ratford-80190","",""
"Content/Story/Missions/DIA_ORG_818_Ratford.d:264","Nie celuj tym we mnie.","No me apuntes con eso.","","","Ratford-CH0-None-Hero-57489","",""
"Content/Story/Missions/DIA_ORG_818_Ratford.d:269","Zła odpowiedź.","Respuesta incorrecta.","","","Ratford-CH0-None-Ratford-67380","",""
"Content/Story/Missions/DIA_ORG_818_Ratford.d:274","Tak go znalazłem.","Me lo encontré así. ","","","Ratford-CH0-None-Hero-63229","",""
"Content/Story/Missions/DIA_ORG_818_Ratford.d:274","Wiem. Usłyszałbym odgłosy walki. Kim jesteś?","Lo sé, os habría oído luchar. ¿Quién eres?","","","Ratford-CH0-None-Ratford-52590","",""
"Content/Story/Missions/DIA_ORG_818_Ratford.d:275","Jestem tu nowy. Szukałem bezpiecznego miejsca na nocleg i znalazłem jego ciało.","Soy nuevo. Buscaba un sitio seguro donde dormir y me lo encontré así.","","","Ratford-CH0-None-Hero-18505","",""
"Content/Story/Missions/DIA_ORG_818_Ratford.d:277","Żółtodziób? Nie spodziewałem się dzisiaj świeżynek.","¿Un novato? Creía que hoy no traerían a nadie.","","","Ratford-CH0-None-Ratford-16882","",""
"Content/Story/Missions/DIA_ORG_818_Ratford.d:278","No a jednak.","Pues aquí estoy.","","","Ratford-CH0-None-Hero-55046","",""
"Content/Story/Missions/DIA_ORG_818_Ratford.d:283","Hmm.","Hum. ","","","Ratford-CH0-None-Ratford-81347","",""
"Content/Story/Missions/DIA_ORG_818_Ratford.d:284","Dobra, wierzę ci.","Vale. Te creo.","","","Ratford-CH0-None-Ratford-80505","",""
"Content/Story/Missions/DIA_ORG_818_Ratford.d:291","Bóg mówił do niego we śnie?","¿Un dios le hablaba en sueños?","","","Ratford-CH0-G1RDemo_DraxHunt-Hero-41798","",""
"Content/Story/Missions/DIA_ORG_818_Ratford.d:295","„Szeptał”, chyba tego słowa użył. Tak się kończy palenie zielska od tych wariatów.","Creo que decía que ""le susurraba"", pero sí. Es el efecto de esas hierbas.","","","Ratford-CH0-G1RDemo_DraxHunt-Ratford-90716","",""
"Content/Story/Missions/DIA_ORG_818_Ratford.d:298","Mówisz o bagiennym zielu?","¿Te refieres a la hierba de pantano?","","","Ratford-CH0-G1RDemo_DraxHunt-Hero-52915","",""
"Content/Story/Missions/DIA_ORG_818_Ratford.d:299","Ta. W dolinie jest bagno, a sekta, która tam urzęduje, uprawia i sprzedaje to zielsko.","Sí. Hay una ciénaga en el valle. La secta que vive allí la cultiva y la vende. ","","","Ratford-CH0-G1RDemo_DraxHunt-Ratford-28568","",""
"Content/Story/Missions/DIA_ORG_818_Ratford.d:302","Najwyraźniej palą je, bo „otwiera umysł na mądrość ich boga”, ale wielu ludzi spoza sekty też po nie sięga. Podobno pomaga się rozluźnić.","Por lo visto la fuman porque ""les abre la mente a su dios"", pero hay mucha gente que no es de la secta que también la utiliza porque relaja.","","","Ratford-CH0-G1RDemo_DraxHunt-Ratford-82831","",""
"Content/Story/Missions/DIA_ORG_818_Ratford.d:307","Co to za sekta?","¿Qué secta es esa?","","","Ratford-CH0-G1RDemo_DraxHunt-Hero-3445","",""
"Content/Story/Missions/DIA_ORG_818_Ratford.d:307","No tak... Zapominam, że jesteś tu nowy.","Claro... Eres nuevo.","","","Ratford-CH0-G1RDemo_DraxHunt-Ratford-56576","",""
"Content/Story/Missions/DIA_ORG_818_Ratford.d:309","W dużym skrócie: mamy tu w Kolonii trzy obozy, a jeden z nich to powaleni sekciarze.","Por resumir, hay tres campamentos en la Colonia y uno de ellos es una secta. ","","","Ratford-CH0-G1RDemo_DraxHunt-Ratford-61788","",""
"Content/Story/Missions/DIA_ORG_818_Ratford.d:309","Podobno ich naczelny wariat sześć lat temu miał wizję jakiegoś przedwiecznego boga, który ma się obudzić i zbawić ich wszystkich, więc przenieśli się na bagna. Do dziś tam mieszkają.","Dicen que su lunático jefe tuvo una visión hace seis años sobre un dios antiguo que estaba a punto de despertar y salvarlos a todos, así que se trasladaron al pantano. Llevan viviendo allí desde entonces.","","","Ratford-CH0-G1RDemo_DraxHunt-Ratford-95458","",""
"Content/Story/Missions/DIA_ORG_818_Ratford.d:316","Ten bóg... istnieje naprawdę?","Ese dios... ¿es real?","","","Ratford-CH0-G1RDemo_DraxHunt-Caption-40855-0","",""
"Content/Story/Missions/DIA_ORG_818_Ratford.d:320","Jasne, że nie. Ten ich szef, Y’Berion, po prostu wykorzystuje to, że desperacko chcą się stąd wydostać.","Claro que no. Ese maestro que tienen, Y'Berion, se aprovecha de la desesperación que sienten por salir.","","","Ratford-CH0-G1RDemo_DraxHunt-Ratford-87472","",""
"Content/Story/Missions/DIA_ORG_818_Ratford.d:324","Słuchaj, znalazłem to przy nieboszczyku.","Mira, esto lo llevaba vuestro hombre.","","","Ratford-CH0-G1RDemo_DraxHunt-Hero-99331","",""
"Content/Story/Missions/DIA_ORG_818_Ratford.d:410","List?","¿Una carta? ","","","Ratford-CH0-G1RDemo_DraxHunt-Ratford-7287-0","",""
"Content/Story/Missions/DIA_ORG_818_Ratford.d:411","Nie, rysunek. I jakieś symbole.","No, un dibujo. Y hay unos símbolos. ","","","Ratford-CH0-G1RDemo_DraxHunt-Hero-43548-0","",""
"Content/Story/Missions/DIA_ORG_818_Ratford.d:412","He. Musiał to nabazgrać, kiedy był już porobiony. Możesz to wziąć.","... Hum. Lo garabatearía cuando estaba drogado. Quédatelo. ","","","Ratford-CH0-G1RDemo_DraxHunt-Ratford-41888-0","",""
"Content/Story/Missions/DIA_ORG_818_Ratford.d:413","Co teraz? Zabierzesz go z powrotem do obozu?","¿Y ahora qué? ¿Vais a llevarlo de vuelta a vuestro campamento?","","","Ratford-CH0-G1RDemo_DraxHunt-Hero-9744-0","",""
"Content/Story/Missions/DIA_ORG_818_Ratford.d:413","Nie. Przeczekamy tu noc, a jutro wrócimy do obozu i powiemy szefowi, że Jorik nie żyje. I po temacie.","No. Pasaremos la noche aquí, volveremos a nuestro campamento mañana y le diremos a nuestro jefe que Jorik ha muerto. Fin de la historia. ","","","Ratford-CH0-G1RDemo_DraxHunt-Ratford-23899-0","",""
"Content/Story/Missions/DIA_ORG_818_Ratford.d:415","To ten... mówiłeś, że szukasz bezpiecznego miejsca na obóz, tak? Dobry pomysł, zwłaszcza że w okolicy grasuje cieniostwór.","Bueno..., decías que estabas buscando un lugar seguro donde acampar, ¿no? Seguramente sea una buena idea con esa bestia de sombra merodeando por la zona.","","","Ratford-CH0-G1RDemo_DraxHunt-Ratford-72836-0","",""
"Content/Story/Missions/DIA_ORG_818_Ratford.d:417","Taa.","Sí.","","","Ratford-CH0-G1RDemo_DraxHunt-Hero-90162-0","",""
"Content/Story/Missions/DIA_ORG_818_Ratford.d:418","Dobra już chuj tam – możesz spać przy naszym ognisku. W starym obozie Kopaczy po drugiej stronie Opuszczonej Kopalni. Stwór się tam nie zapuści.","Hum. Ah, bueno, qué coño... Puedes dormir junto a nuestra hoguera. Está en ese antiguo campamento de cavadores pasada la Mina Abandonada. Esa cosa no se acercará. ","","","Ratford-CH0-G1RDemo_DraxHunt-Ratford-32267-0","",""
"Content/Story/Missions/DIA_ORG_818_Ratford.d:349","Co teraz?","¿Cómo?","","","Ratford-CH0-G1RDemo_DraxHunt-Hero-99334","",""
"Content/Story/Missions/DIA_ORG_818_Ratford.d:352","Przeszukałeś zwłoki?","¿Registraste su cadáver?","","","Ratford-CH0-G1RDemo_DraxHunt-Ratford-23614-3","",""
"Content/Story/Missions/DIA_ORG_818_Ratford.d:388","Zobaczmy, co ma przy sobie.","Veamos qué lleva encima.","","","Ratford-CH0-None-Ratford-44653","",""
"Content/Story/Missions/DIA_ORG_818_Ratford.d:410","Co to?","¿Qué es eso?","","","Ratford-CH0-G1RDemo_DraxHunt-Ratford-63489","",""
"Content/Story/Missions/DIA_ORG_818_Ratford.d:439","Mój kumpel, Drax, powinien już być w obozie. Idziemy.","Mi colega Drax debería estar ya en el campamento. Venga, vamos.","","","Ratford-CH0-G1RDemo_DraxHunt-Ratford-62191-1","",""
"Content/Story/Missions/DIA_ORG_818_Ratford.d:442","Tak czy siak, kolacji nie będzie, dopóki Drax nie upoluje dla nas paru ścierwojadów.","Dicho esto, no habrá nada de cenar hasta que mi colega Drax mate algún carroñero. ","","","Ratford-CH0-G1RDemo_DraxHunt-Ratford-32587-0","",""
"Content/Story/Missions/DIA_ORG_818_Ratford.d:444","Może ty mu pomożesz? Będzie mógł cię wtedy poznać.","¿Por qué no le echas una mano? Para que te conozca.","","","Ratford-CH0-G1RDemo_DraxHunt-Ratford-15507-0","",""
"Content/Story/Missions/DIA_ORG_818_Ratford.d:447","Gdzie go szukać?","¿Dónde puedo encontrarlo? ","","","Ratford-CH0-G1RDemo_DraxHunt-Hero-94901-0","",""
"Content/Story/Missions/DIA_ORG_818_Ratford.d:451","Idź tą drogą, aż dojdziesz do doliny. Powinien być gdzieś w okolicy. Spotkamy się w obozie.","Sigue el camino hasta entrar en el valle. Debe de andar por allí. Nos vemos en el campamento.","","","Ratford-CH0-G1RDemo_DraxHunt-Ratford-26907-1","",""
"Content/Story/Missions/DIA_ORG_818_Ratford.d:459","Spotkamy się w obozie.","Nos vemos en el campamento.","","","Ratford-CH0-G1RDemo_DraxHunt-Ratford-26907-2","",""
"Content/Story/Missions/DIA_ORG_818_Ratford.d:463","Tak po prostu?","¿Así de sencillo?","","","Ratford-CH0-G1RDemo_DraxHunt-Hero-9934-0","",""
"Content/Story/Missions/DIA_ORG_818_Ratford.d:466","Pewnie nie znalazłbym nieboszczyka przed zmrokiem, gdybyś nie postanowił pobuszować po krzakach.","Si no hubieras rebuscado entre esos arbustos, seguramente no habría encontrado a nuestro hombre antes del anochecer. ","","","Ratford-CH0-G1RDemo_DraxHunt-Ratford-90459-0","",""
"Content/Story/Missions/DIA_ORG_818_Ratford.d:472","Świetnie. Dziękuję.","Vale. Gracias. ","","","Ratford-CH0-G1RDemo_DraxHunt-Hero-25858-0","",""
"Content/Story/Missions/DIA_ORG_818_Ratford.d:476","To ja ci dziękuję. Pewnie nie znalazłbym nieboszczyka przed zmrokiem gdybyś nie postanowił pobuszować po krzakach.","Debería dártelas yo a ti. Si no hubieras rebuscado entre esos arbustos, seguramente no habría encontrado a nuestro hombre antes del anochecer. ","","","Ratford-CH0-G1RDemo_DraxHunt-Ratford-32619-0","",""
"Content/Story/Missions/DIA_ORG_818_Ratford.d:510","Co? Znajdźmy Draxa.","¿Qué? Busquemos a Drax. ","","","Ratford-CH0-None-Ratford-26027","",""
"Content/Story/Missions/DIA_ORG_818_Ratford.d:513","No dobrze.","Está bien.","","False","DIA_ORG_818_Ratford_Go_Camp_Smalltalk_Info.DIA_ORG_818_Ratford_Go_Camp_Smalltalk.DIA_ORG_818_Ratford_Go_Camp_Smalltalk_Good","AI_AddChoice",""
"Content/Story/Missions/DIA_ORG_818_Ratford.d:518","Jak tu trafiłeś?","¿Cómo acabaste aquí?","","False","DIA_ORG_818_Ratford_Go_Camp_Smalltalk_Info.DIA_ORG_818_Ratford_Go_Camp_Smalltalk.DIA_ORG_818_Ratford_Go_Camp_Smalltalk_How_Did_You_End_Here","AI_AddChoice",""
"Content/Story/Missions/DIA_ORG_818_Ratford.d:525","Jak jest w tym obozie, do którego należysz?","¿Cómo es vuestro campamento?","","False","DIA_ORG_818_Ratford_Go_Camp_Smalltalk_Info.DIA_ORG_818_Ratford_Go_Camp_Smalltalk.DIA_ORG_818_Ratford_Go_Camp_Smalltalk_How_Is_In_New_Camp","AI_AddChoice",""
"Content/Story/Missions/DIA_ORG_818_Ratford.d:535","No dobrze.","Está bien.","","","Ratford-CH0-None-Hero-75802","",""
"Content/Story/Missions/DIA_ORG_818_Ratford.d:540","Jak tu trafiłeś?","¿Cómo acabaste aquí?","","","Ratford-CH0-None-Hero-63685","",""
"Content/Story/Missions/DIA_ORG_818_Ratford.d:542","Słuchaj, jestem ci dłużny za znalezienie Jorika, ale nie będę ci się zwierzać.","Mira, te debo una por encontrar a Jorik, pero eso no significa que ahora seamos amigos. ","","","Ratford-CH0-None-Ratford-21599","",""
"Content/Story/Missions/DIA_ORG_818_Ratford.d:545","Jak chcesz pogadać, to uderz do Draxa. Ten dureń pytluje jęzorem jak stara przekupa po paru głębszych.","Si tantas ganas tienes de charlar, prueba con Drax. El tío raja como una lavandera después de tomarse una botella de ron.","","","Ratford-CH0-None-Ratford-67954","",""
"Content/Story/Missions/DIA_ORG_818_Ratford.d:553","Jak jest w tym obozie, do którego należysz?","¿Cómo es vuestro campamento?","","","Ratford-CH0-None-Hero-36270","",""
"Content/Story/Missions/DIA_ORG_818_Ratford.d:553","W Nowym Obozie? Jest w porządku.","¿Te refieres al Campamento Nuevo? No está mal. ","","","Ratford-CH0-None-Ratford-97063","",""
"Content/Story/Missions/DIA_ORG_818_Ratford.d:555","Musisz umieć o siebie zadbać, ale jeśli to potrafisz, masz dużo więcej swobody niż w pozostałych obozach.","Tienes que cuidar de ti mismo, pero si eres capaz de hacer eso, eres mucho más libre que en los otros campamentos.","","","Ratford-CH0-None-Ratford-72398","",""
"Content/Story/Missions/DIA_ORG_818_Ratford.d:556","Ach, no i Magowie Wody, którzy z nami mieszkają, sądzą, że zdołają nas stąd wydostać.","Ah, claro, y los magos del agua que viven con nosotros dicen que pueden sacarnos de aquí.","","","Ratford-CH0-None-Ratford-18169","",""
"Content/Story/Missions/DIA_ORG_818_Ratford.d:557","Naprawdę? Niby jak?","¿En serio? ¿Cómo?","","","Ratford-CH0-None-Hero-85496","",""
"Content/Story/Missions/DIA_ORG_818_Ratford.d:557","Chcą wysadzić wielką kupę niebieskiej rudy. Co, według mnie jest jeszcze durniejsze, niż się wydaje.","Quieren hacer estallar un montón de mineral azul. En mi opinión, es un plan tan estúpido como suena. ","","","Ratford-CH0-None-Ratford-7074","",""
"Content/Story/Missions/DIA_ORG_818_Ratford.d:560","No ale, tak szczerze, to nasz obóz jest w porządku, ale zapomnij o wolności.","Sinceramente, nuestro campamento no está mal, pero no te hagas ilusiones. ","","","Ratford-CH0-None-Ratford-42915","",""
"Content/Story/Missions/DIA_ORG_818_Ratford.d:560","Stary Obóz, Nowy Obóz, Obóz Bractwa... nikt się stąd nie wydostanie.","Campamento Viejo, Campamento Nuevo, Campamento del Pantano... No vamos a salir de aquí. ","","","Ratford-CH0-None-Ratford-86658","",""
"Content/Story/Missions/DIA_ORG_818_Ratford.d:560","Tak już musi być.","Eso es así.","","","Ratford-CH0-None-Ratford-78201","",""
